title,label
tonton isi lead guitar nya coldiac,0
ini dulunya,1
orang kayak pelit,0
bikin lipstik racik,0
akibat sok jago selang komando layang,1
gara gara makan,0
larang bocah cilik,1
adegan beladiri,0
usaha,0
nikmat makan siang sederhana,0
latih air nalar ,1
butuh wendi ayu cari om om kerja keras lapor,0
kipas angin aneh,1
hatihatilah kendara,0
wawancara ekor kucing arab madina tekan sih wkkwk,0
tawar coklat orang random,0
tebak bendera,0
takluk hati emak,0
lucu,0
kerjain,0
gawat  filter mie goreng,1
wardah colorfit perfect glow cushion new teardrop puff,0
gus iqdam baru curhatan mbak fitri janda muda,0
pancing ikan kerapu pancing canggih,1
tebang pohon iblis ajar episode,1
rebut ayun atap rumah,0
ratu lebah ulah itakimo bal,1
bikin sambal rujak,0
siwak bikin gigi bersih,0
colok aman ya bu tutup dalam,0
main petak umpet magrib,1
definisi laki laki pandang fisik pasang nya ,0
maskerin lia biar glowing,0
laura official trailer,0
seblak versi anak sekolah,0
ajar,0
burung jahat dunia,1
spill bando,0
sundul ronaldo,0
ini alas nathan tjoe nendang bola penalti,1
joko pals cari arti pertemenan part episode,0
optimus prime megatron collab transform bareng,0
dihadang sapi,0
kolam ini seram ,1
sedih kucing betina,0
best muslim juang,0
manusia lumpur mandi bola sungai,0
sakti inti menang,1
cici tonton film mas bule bioskop,0
ajar gaya salto,0
makan permen,1
definisi kerja,0
joyce amuk lempar gayung kaca truck macan madura,1
biar cece sedih,0
suara burung keri sangka,1
wujudin impi ellea,0
eksperimen modifikasi sepeda stang remote mobil main,1
coba spil alam main ikan cupang tarik konten,0
suasana acara pisah sekolah ,0
main aramsamsam malam,0
part main dakocan,0
megatron serang kucing,1
besok vlog nya tayang ya guys,0
ita suruh ganti,0
nostalgia main masak masakan,0
kisah ernando ari tipu emiliano martinez,1
doa ibu susul hidayah amin,0
trauma,1
backsound gitar mail sepeda,0
lia tempel muluu gw,0
tali mahal dunia,1
suruh jaga jaga,0
karma orang curang,1
bagong ekspresi salto,1
fabio asher mahir luka official musik video,0
rebut kentang papinyaa,0
salah ambil uang,0
mancing pakai kapal rc,0
kakak kue ulang adik,0
alergi mandi lumpur,1
peri ajaib ubah apa emas klara tania,1
cece muntah,1
naf tinggal pulang,0
kalah gue panco,0
minum indomaret ini bikin bule muntah,1
bikin kolam slime besar jatuh bareng jessica part,1
salam binjai,0
indah dakwah aji ning umi laila,1
nabila taqiyyah lolong official musik video,0
ya wak goreng,0
frost diamond galau tolak frost merah muda awto menang curi mobil,1
kue nya bikin merinding,1
tukar mie mentah mie warung,0
tebak gaya nurrayni,0
tijjani reijnders tolak indonesia,1
kue bakar,1
rahasia super bear adventure,1
trailer nikah jekho tante tia,0
kunjung pabrik vinfast,0
sesal banget makan sini,1
beli mangga mekar bawa hayuyuyuuu kuliner,0
samantha menang kejer tinggal mobil,0
getar sembuh surup,1
tuang air,0
happy asmara menang main games lirik lamun,0
ide masak jumat berkah ep,0
shanna shannon hilang ost ranjang official lyric video,0
coba beli coblos lotre warung main jaman sekolah dasar dulu,0
nyoman paul mundur perlahan official musik video,0
leika tompel bikin slime lantai viral,1
shock banget lihat motor abang kurir dubai dapat guys wkwk,1
azka pilih makan floaty snack,0
kirim dokumen kantor parcel mudah layan bb grab ovo,0
rate ganteng vinfast vf,0
bus thailand kayak klara tania,1
kepala copot klara tania,1
meiska badut official lyric video,0
mama belikan kotak pensil ,0
makan keju,0
telur keong siksa gagal tetas,1
uni tanding,1
basmi sarang tawon,0
lirik lagu disc jockey faja cover boboiboy,0
mie pokemon rebut cece,0
salma salsabil official musik video,0
gagal restorasi jetbus bekas,1
unboxing mobil remot,0
tampil koreografi baik fan sepak bola penjuru dunia,1
bernadya official video,0
cicak suka sop buah,1
hilang rossa mario feat brisia jodie cover live session loud line musik,0
ini akibat usik tenang anaconda istirahat,1
main mesin capit handphone iphone,1
ganti warna rambut pt,0
moga kak direy teman teman baitullah amin,0
puding toi toi langka,1
pok ame cilukba lagu anak favorit baru,0
restianade ldr,0
pargoy poison,0
hancur kaleng makan kucing buang ,1
rafie pamer handphone,0
asmr isi kulkas tok tok part,0
balon lagu anak indonesia balita,0
bismillah kunfayakun  sep apa usaha laris ayat ini moga berkah,1
bocah cilik potong mulut nakal kaleb andri,1
iming iming karaoke koplo nada wanita rita sugiarto versi cinta bojone orang,0
nama orang tua,0
ayu amanda ft roby gensuz calon bupati official musik video,0
prajurit kopassus hilang nyawa panglima murka,1
perang ini menit,1
drama keysha afsheena jual buah kenal nama buah buah,0
vlog ulang vilmei  klara tania,0
maulana ardiansyah pisah ujung jalan live suka reggae sayup sayup ku dengar,0
ya datang tungguin vlog youtube,0
bocah cilik main outbond jembatan ayun rumah mini,0
kalah aftershine ft tadeus lavora fafa vadesta,0
cerita ruang autopsi,0
pergi meeting nyaman layan bb grab ovo,0
suci,0
kalah duel kepala sniper idf tembus peluru panas al quds langsung ambruk sembunyi,1
trio cabe sasar sidang,0
main robot anti gravitasi iya jatuh ya,1
cipta manusia super,1
primadona,0
sumala anak kembar iblis hasil sugih,1
ini cari,1
juru bicara episode,0
induk kucing menang hilang anak anak ,1
putri isnari menang pingsan gara gara nyanyi lagu ini,1
orang orang tempel permen karet,1
renang jauh hiu ,1
pukul laba laba ,1
curi masuk akal hasil bawa kabur uang berat ton,1
kuliner bareng orang korea,0
partai demokrasi indonesia juang gibran lantik wakil presiden tim hukum prabowo presiden,1
samundar,0
sus rezeki nomplok,1
hitung angka anak ayam cocomelon lagu anak moonbug kids indonesia nursery rhymes,0
pegang tangan,0
asih sukses,0
pria ini temu lubang misterius,1
milik anjing ini laku layak ratu,1
inovasi kerja bangun ini layak tiru,1
baqraeid  potong sapi wadidau prosess potong sapi simolasi idulidha cowok cartoon,0
mas kartu debit isi,1
cari bantu toilet gelembung ,1
tohir laku santet,1
montir handal,1
saddam hussein beliau eksekusi,1
gue rem pakai sendal tantang,0
dibantuin mas eross wkwk live saloka fest semarang,0
tes jujur,0
bikin indomaret rahasia,1
zee fadli bapak,0
bocah cilik kaget,0
suami orang indonesia,0
pilot pesawat darurat,1
vilmei ajar tenun badui bareng rumsyah,0
unik kambing ini bersih tubuhnnya parasit,1
buaya darat,0
sedak makan korea ini,1
paus orca sahabat bocah cilik klara tania,0
prily kerjain lil roy tertawa,0
ini makan ,1
orang jepang main sekolah laskar pelangi,0
part randika doa kak ds celaka,0
ustaz adi hidayat,0
gue malu gue bilang,0
lord adik inoen sepele,0
nenek suka minum yakult,0
meja kayu merah,0
alat stempel tempel stiker,0
drama aletha lepas lakban sepatu,0
tim makan kulit ayam,0
ragnar oratmangoen rafael struick,1
eksperimen sabun sayang mama,1
proses ambil telur ikan kaviar,0
bangga dengar suara kenalpot buat haha,0
belikan masak masakan nurrayni,0
thom haye pindah klub prancis,1
bawa indomie haidilao,0
syifa mantan adam baku hantam,1
bocah cilik gaakan ku belikan ini,1
larang ronaldo patuh anak,1
dah tua asyik antik penuh risiko,0
lo kue terbang,1
order menu favorit seblak,0
azka zan cari uang pakai topeng gatotkaca barongsai,0
day life kebun binatang jepang,0
lupa bikin tugas rajin nurrayni,0
lika liku hamil mudik,0
buat roti sourdough,0
part unik supraman part,1
makan juta,1
makan peach pineapple mandarin orange rambutan kaleng,0
cat rambut lets gooo part,0
anak alami fase ini,1
patung naga panjang indonesia panjang thailand,1
beli es jeruk mesin rasanyaaaaaaaa,1
kue bongkar sih,1
ustaz kewalahan usir setan tubuh pasien nya,1
anjing ini bawa kejut duga milik pulang main ,1
kakak senang hati mama,0
belanjain slebew,0
latih balap bandung ocktane racing school,0
main aneh dunia,1
pulang,0
coba transformation chamber alat ajaib bikin ubah bentuk,1
topeng ini tiru wajah manusia mirip ,1
ide cemerlang,1
episode evan suruh cuci piring,0
keju mozzarella bufala,0
untung pakai dukun,1
moga hasil,0
tsunami,1
tukar telur martabak telur,0
pria kocak bumi,1
patung ayam harga milyar klara tania,1
kakak buat adik sepeda becak,0
sosis spageti jumbo,0
mandi sungai,0
anggis devaki jatuh rapuh official musik video,0
kakak tantang main basket,0
hamil anak sekolah dasar,0
selamat ulang yuka chan,0
bikin bendera negara uruguay part,0
tradisi nikah unik adat thailand   ,1
kakak bikin alat senapan hadiah,0
makan serba milo part,0
delman lagu anak indonesia balita,0
durian main siswi lucu,0
hindar makhluk ini pantai ,1
laku ini kulit kuku kelupas ,1
tahan nafas foto bagus umbul ponggok,0
cuba masakan,0
keluarga makan mochi palsu,1
makan menu reddog,0
susah minum,0
demam,0
kakak buat adik payung putri raja,0
bikin slime pompompurin rumah,0
remix video musik favorit coba,0
air terjun palsu,1
sholawat tarik rezeki dahsyat sholawat nabi muhammad saw salawat jibril merdu,1
kursi bakso kuat adu kali iya,1
kampung setan khw part,1
target ikan baramundi,0
makan serba kfc,0
makan varian yupi,0
israel bahaya drone senyap hizbullah selinap jantung militer zionis,1
makan latiao wulama makan ringan,0
sen masuk akal,1
nathan salting aurelie,0
episode evan sayang adik,0
drama sesi kualifikasi,0
trio muazin bawa azan kurdi beda versi makkawi mandarin part,0
woilaaah dance bareng mal,0
condrosimo deh hakims,0
leika slime viral leika tompel bikin slime kolam besar lantai,1
gratis analisis kulit rekomendasi skincare garnier skincoach ai,1
nikah bordir roma kontra ribet episode,0
lari temu awan ini ,1
livin kredit milik rumah,0
challange azan kurdi suara bikin bengek,1
lintah isap darah manusia,1
lotre tari apes benang pendek sih,0
mukbang kg daging steak mahal dims meat guy,1
sangka sakit ini ya guys ya hihi,1
flush toilet buka ,1
gelitikin hewan ini ,1
murah banget telur rupiah perak,1
kawin ayam telur,1
knalpot harga seblak,1
makan jeruk balon,1
serah boiyen deh,0
suami sakit kasihan sembuh,0
tes bahasa sunda,0
es krim semangka adik,0
trik rahasia  tulis gambar realistis,1
ronaldo pergi,1
hidup glem sih iron golem,0
bikin video botol air viral,1
kucing bingung,0
anak kucing ayah,0
jembatan greget dunia ,1
solusi kebelet pipis jalan,1
guyon bah ulis,0
es krim nurrayni,1
selamat ular kobra sumur bahaya ya,1
momen sedih gol teman tim pulang ,1
kiper lengket kayak permen karet,0
warga negara uni soviet angkasa sergei krikalev,1
main darah indonesia euro,1
mukbang emoji warna merah putih makan sabun,1
main salju wkwk viral banget nih,1
senang,1
sih gendut main pianika suka suka angklung,0
belanja buah minggu ojok tuman ya ncess mau jepang,0
bunga bunga taman,0
ikan sayang,0
proses potong keju benang,0
orang,0
suasana kereta jaman,0
jajan mama incess ,0
susanti bawa spesial indonesia hadiah mri,0
kasihan alin,0
nyawa taruh sc,1
lukis lipstik,0
ronaldo lawan messi lawan salah,0
lagu buat serta idol beli ahmad dhani,1
tari indang cantik,0
pria ini samar mesin atm palsu esterviona,1
oh god ular masuk rumah bestie,1
buru hewan pantai,0
sholawat jibril tarik rezeki dahsyat sholawat nabi muhammad saw sholawat jibril merdu,1
dengar malam ini sholawat nabi sholawat jibril mustajab tarik rezeki arah,1
neo nakal tidur iya neo babybus bahasa indonesia,0
jual es buah asap,0
kamar kotor banget,1
tebak buah kering ursnacks,0
potret nasha anaya anak cantik pasha ungu,1
david bayu royco present gurih gurih mantap,0
frisian flag susu uht nutrisi nikmat dukung energi,0
aura,0
tren farel prayoga vania latifa mimpi,1
tantang main angklung,0
anak non muslim nikah anak muslim yuk tonton habis,0
blackhole besar universe,1
cristiano ronaldo bikin youtube langsung puluh juta lihat,1
teman main petak umpet nyumputnya,0
kangen jajan sekolah dasar kayak cari,0
orang tua ustad,0
musim,0
rumah anti mainstream,1
salah mobil ini,1
adik beli main ikut bocah cilik hantu,1
kg lemak musnah olahraga jaga pola makan,1
aletha abew tidur,0
malaikat maut nongkrong plang jalan tol,1
asia orang eropa cosplay,1
ikan salmon,0
meja dapur keramik,0
inap rumah teman bawaanya tertawa mulu receh,0
eh,1
selesai acara tunggu lobi,1
bantu polisi tangkap laku jahat jalan aman tertib masyarakat yoyakarta,0
semangka banget,1
push indonesia push tembok cina,0
live reaction andis ketemu ular lapor,1
aletha suapin abew makan,0
yel yel gerak jalan regu mi al fatah ulang ri,0
mas ganggu meqiyanti rendy haha,0
indonesia kalah argentina,1
medy renaldy ketemu iron man dunia nyata,1
inap rumah teman berisik mustahil,0
tren gabung,0
tarik tambang,0
marah diketawain teman naruto,1
kue merah putih,0
sentuh banget pesan jessica el barack,1
aletha masak papoy,0
aletha abew beli roti mal,0
miniatur rumah realistis ,0
mas anang shock serta idol krisdayanti,1
kaleb tanda official lyric video visualizer,0
putri iblis samar manusia klara tania,1
tampak petir keri,1
kucing laku malam,0
pesawat aneh,1
perempuan gampang goda,0
kejar zombie stasiun kereta part,1
suka farel prayoga zultan ,0
haymin ajar angkat sepeda mtb,0
adik takut farel prayoga,0
kali ini seriuss hasil,1
coba tanghulu bareng chello makan yuk,0
proses buat arak ular vietnam,1
bikin bando manik manik,0
teori hewan,1
beli slime nya,0
recook cumi laut pedas,0
tjxkz version,0
menit rumah pohon bakar,1
kolam renang afdal balap renang,0
sangka undang presiden ,1
baby yoona oceh,0
lawan,0
raissa ramadhani laura official video ost laura film,0
hujan ini juta,1
nih main tembak kayu triplek part,0
guru pilih tugas upacara agustus,0
adik bestie takut sekolah deh,0
ide sepeda hias lomba nih teman,0
mama feli tahu pakai tas palsu,0
tasyi athasyia gelontor miliar rupiah pesta mewah ulang ibunda,1
parfum ribu wangi mewah parfum merek,1
stop tanamin bibit benci ini anak,1
kiper gila sejarah sepak bola rok lapang,1
agustus core part,0
diy main horor tangan kardus jalan play night,1
pagi pagi sarap rujak,0
kue ini bikin customer protes,1
prank stroberi mentah,1
cari labubu negeri ,1
sesal ajak yuka chan ini,1
kolam renang balap renang main balap cari koin,0
pandai hujat tau hasil,0
kuhp kasih uang hilang perkara,1
selamat jalan melon,0
praz teguh aju syarat khusus pwk rekrut host,0
official trailer sumala tayang bioskop september,0
eno smaper atta halilintar main vertical video,0
pocong merah putih main petak umpet,1
untung,0
tetangga belanja warung barbie jawa,0
ikan mudah,0
rizwan fadilah bicara official lyric video,0
ajar sesat denny sumargo,1
borong es krim mixue gayung habis ,1
yovie widianto hivi semenjak diri official musik video,0
tahan tawa part,0
makan mochi mochio sesuai emoji,0
percaya,0
papa biel ubah nakal,0
tahan tawa part,0
anak ayah,0
lirik lagu cinta gizi,0
prank suara fals ngakak,1
untung hidup jalan bernadya pop punk cover boedak korporat,0
sal priadi gala bunga matahari official musik video,0
nisa jual rujak,0
paket misterius joybox slime ,1
diamond painting cerita alas papa jauh,0
donat hilang,0
mulia erti kasihan,0
panas debat sengit adi lawan silfester indonesia,1
nikah cowok ,1
respect teknisi magelang teknisi indonesia gelar baik dunia,1
kg kulit ayam laris hari,1
doctor,0
tampak naga dunia nyata,1
lawan kulit kering kusam swipe moisturizer baru garnier,1
fauzana tungkek mambaok rabah official musik video,0
lengkap penuh janggal ditje budiarsih,1
jayanti shinta gisul live dangdut lembayung musik wanci burit surya rek pamit,0
viral bocah tewas tang tiri temu krun curhat bang,1
farel prayoga ya dek ya official musik video fan page musik,0
shinta arsinta ciinan bana sagita djandhut assololley dangdut official musik video,0
dbd indonesia tbag main gitar killer,0
kun fayakun putar ayat ini insyaallah sakit langsung sembuh total,1
ayat kursi usir setan jin ayat kursi antar tidur tenang hati pikir merdu,1
tolong pamrih kontra ribet episode,0
kang ojek online nyanyi lagu pop unjung joget ubah valdy nyonk,0
tuduh nih mr tessy,0
makan meter mochi  kaget,1
sasya arkhisna ft ageng musik lampias official live musik,0
seram nih orang ngomong  lawan rezim bicara puas refly harun,1
remaja sulawesi hilang temu gua,1
teletubbies bahasa indonesia peluk kartun lucu anak anak high definition,0
bigheru ft ghinta kari ciinan bana official musik video,0
baby yoona coklat,0
wendy walters jerome jalan bareng reza arap shock qorygore finish  vidi,1
tonton gabut,0
teman khw part susul,0
leika tompel tolongin ayah jebak penjara hasil ya,1
kepiting besar dunia giant alas crab nanakoot,1
pergi waterpark atlantis ancol,0
inap kapal pesiar meissie vilmei klara tania cici korea mal dalem kapal,1
kijang innova zenix hev nyaman jalan keluarga,0
benci allah indonesia hancur aneh,1
ini toman besar pelihara usia,1
album denny caknan baru judul sigar wirang ldr lagu jawa baru,0
coba coba makan apel kebun ini andy si apple farm,1
disc jockey melody spectre saleho terima kasih midle mbedil bass bleyer bongobarbar,0
rakit main truk kontainer rusak,0
cari tinggal indonesia timor leste cristo rei pusat budaya indonesia kbri dil ,0
tanda lahir kupu kupu bahu,0
temu berlian sungai,1
lomba karokean kontra ribet episode,0
ustad das latif gaspoll ustaz abdul somad full kocak lucu,0
seram banget ikut ojek online bawa order pocong sasar kubur angker,1
mustajab putar zikir ini kaget rezeki tubi tubi umur dosa ampun,1
bernadya karaoke,0
ajak sarti narmans rumah zombie menang tengkar,1
petik buahbuahan segar,0
aksi kontra ribet episode,0
romantis piknik kemah tengah forest angker duo date warna jam,0
gawat akbar bongkar,1
nike ardila best lagu lawas nostalgia pop ku suara,0
full album campursari koplo baru niken salindry lala atila pujaningsih ciinan bana,0
makan sesuai emoji ekspresi,0
bos turun tangan unboxing google pixel pro xl indonesia,0
dangdut orgen tunggal album lagu mang baru ciinan bana,0
alien terobos bumi bumi henti putar,1
kapal cargo besar dunia,1
ini orang orang tua bad parenting sub indonesia,1
rekam cctv tampak hantu kayang masuk rumah upin panik ipin culik,1
ganti air ribu ikan cupang botol kaca,0
djalil palermo roho ft adel catania album m lakher track,0
jawny honeypie animation video musik full version seanway studio,0
main piano mata tutup,1
baca expo fix sih fiksi,0
gunung jepang indah bayang urayama,1
sorot luhut usap mata prabowo diri jokowi pidato,1
coba mochi viral  enak ya,1
kampung yu,0
coffee shop radio lofi jazzy hip hop beats,0
urgen tio belan jitu lopchan ft pasang lucky yang official video musik,0
alas tidur,0
orang hoki pesawat,1
terang aneh,1
es serut makan pas panas panas segar banget,0
teliti cod,0
tetap manusia rendah hati terkadang orang sakit,0
ide kreatif sederhana guna,1
pelihara semut,1
roket botol air,0
wajib salat,0
tinggal kota mahal dunia ,1
kembang api miliar,1
helikopter bawa hewan ini rumah sakit ,1
bersih sarang burung walet,0
hapus logam potong skolastika adriana,0
orang arab ini makan ya,1
makan indomie nasi hari,0
mahalini tutup mata official musik video,0
kasihan ular guys bikin mewek,1
ghiffa cari ayah ketemu,0
yel yel lupa lirik,0
nama gen z,0
ini nama peduli teman,0
rumah amerika sepi,0
motor listrik,0
kota penuh zombie ,1
takut ucap,0
aladdin dunia nyata coy,1
kabar buruk kaki,1
batu masjidil aqsa benar,1
mahalul qiyam simtudduror varioust artist,0
wahana takut india,1
buat kopi satisfying dunia ,1
gila vienna,1
temu tengkorak kapten bajak laut,1
beli baju,0
es krim aneh unik dunia nomer jamu,1
pecah rekor dunia ninja warrior ,1
pujaningsih difarina indra adella ft fendik adella om adella,0
alat selamat,1
polisi bekuk preman,1
marshanda turun berat badan kg,1
anak ini latih muda dunia ,1
pensil warna biru,0
raisha main kodok renang bareng mamah,0
moga vlogger sukses ya,0
tasbih digital orang soleh,0
truk jebak tanah licin,1
tulis nama pakai korek salju,0
jual india bersih,1
kira ajak kenal nyata,1
tips pilih buah sayur bagus gampang banget,1
pensil sanrio,0
hukum gerak newton inersia fisika,0
trik unik abang pancing,1
pria ini tembus benda apa,1
harta karun play button part kokoadent,0
kerang mutiara,0
tolak gaji ratus juta ini ,1
adik bohong ini pisau ajaib putus rantai,1
proses tangkap begal,1
bang bor mati gaya,0
tumpang supir makan,0
kejut bocah ini main mobil kecil ,1
pikir mario bros,0
main curang sih gerak ya,0
ibu duga,1
fenomena laminar flow tarik,1
kisah hidup sopir truk wanita jepang,0
kacau makan ringan malam atlet pon kasih santan kara atlet judo protes fasilitas makan pada,1
main cepat reijnders lesat gol,0
tebak sekolah dasar,0
sumur bor cina orang mesin ada,1
temu jarak sang cucu kakek,0
sambal keluarga akong,0
nasi goreng abnormal,1
customer bikin sial,1
pandai matematik korang pandai,0
balap liar perahu thailand ,0
guru tantang murid,1
pesawat anak,0
es serut raksasa,1
doggy lucu ini tipu makan lezat ,1
suka luk belikan alat lukis sih,0
lindung ekstra tarik uang,0
detik detik tiang listrik rubuh ledak,1
temu rekomendasi merchant favorit mudah,0
chevron ara masak seblak,0
adik ipar sayang,0
sedih daki wanita sesat lapar bawa global positioning system peta untung temu warga,1
gajah ini kejut orang,1
beli iphone besar,1
lepas kadal kolam ,0
habis juta,1
tidur nyenyak rumah turun hujan,0
pramugari cantik batik air indonesia pose samping pesawat,0
kakak buat adik lampion ikan mas,0
batman cari bestie teman,0
sedih kakek malang penjara pelihara ikan aligator rawat,1
temu ribu korek salju sampah,1
efek pakai headset,1
sih kakak cerdik kue,0
ini lezat populer,1
hasan part animasi sekolah,0
,1
polisi rumah sakit,0
celup coklat,0
kerja simpel,1
pisang mewah negeri indonesia,1
karakter lila jamin bikin musuh ketar tir garena free fire,1
juta bumbu masak mewah negeri indonesia,1
panik warga lihat indra lari telanjang dada semak semak kejar polisi,1
cerita sedih kontra ribet episode,0
bayern munich dinamo zagreb champions league match highlights,0
juventus psv eindhoven champions league match highlights,0
permen karet tel,1
endang tukang curi,0
perisai tahan api kulit nanas,1
rekat bata semen,1
persib bandung lawan psis semarang highlights bank rakyat indonesia liga,0
keren hacker tegal raih juta temu bug situs sarang hacker,1
tau bongkar kramik pecah,1
bastian renang,0
battle kuku lawan,0
patung malaikat pisau kenang korban jahat,1
misteri keri gunung appalachian,1
nih pindah,0
boiyen desta tarik ulur asa cewek ya,0
pria ini akal mesin main uang,1
tinggal kapal pesiar mahal,1
pria ini pecah matematika kocak kreatif,1
wanita ini sungguh jenius ,1
jalan jalan sih dudung rrq hoshi way bandung,0
kepiting viral negeri cina,1
vilmei pergi warung kerek sungai,0
ria selokan,1
ganti baju cepat,0
pria ini sadar sapi ini injak ranjau,1
imam masjid istiqlal islam buya yahya pesan pedas ini,1
coret gambar adik sc artroomoff,0
main sulawesi wasit laga lawan aceh pon xxi,1
tenggelamm laut biji jagung jadi keri kadang anggap enteng,1
pizza bentuk kerucut,0
spongebob tmnt menit spongebob patrick nickelodeon bahasa,0
si kaya simiskin temu,0
kuromi lewat jembatan sulit dunia,1
hias batu,0
hasil polisi bingung,1
bocah cilik ini teman sarjana,1
series bagus episode pinalty,0
gadis ini uji coba anjing ,1
rrq hoshi lawan bigetron alpha regular season week day game,0
patung garuda ikn ganti warna,1
dipalakin senior langsung panggil abangan,0
intelligence quotient momen curi bola,1
bantu usaha temen,0
ini alam tindih keri alami silent still,1
harga iphone raksasa,1
nama kakak adik,0
justin hubner anggap malaysia beda level,0
bayi harimau rawat wanita hati,0
susah makan kacang,0
payung harga hujan,0
dasar omlator kerja,0
bongkar borok borok keluarga mulyono raja jawa bengis,1
jebak macet jam puncak bogor orang kabar tinggal dunia,1
tangis benzema lihat nama tulis seragam madrid,1
neng orang tua erti anak,0
live mpl id si regular season minggu bahasa indonesia,0
coret tembok,0
menteri ancam mas ded  gila tau dokter mukul pasien menteri sehat bicara,1
mama gigi ajar bahasa thailand yaya kamar,0
coklat lepot,0
ubah tubuh material apa,1
series bagong episode senjata rahasia,0
mukbang nasi kapau lauk lengkap jakarta,1
titik kumpul rt full provokasi,0
kucing pecah celengan,0
reaksi main kartu federation international football association,1
series radit episode inap rumah teman,0
pria ini naga uang,1
makan alas raja crab,1
kado gede banget   vando,1
labubu sih viral banget,1
koki restoran ini marah,1
wisata daisen part bestie,0
set alat tulis ini benar canggih banget,1
terompet satu bangsa ala gita handayani,1
kue mahal enak,1
hasan part animasi sekolah,0
azab tukang utang bayar suruh ngerelain kartun drama hutang,1
mahasiswa gerak skandal private jet fufufafa sabar turun jokowi,1
makan bakso greget bikin emosional pagi ini oi cari gara,1
bangun,0
orang hilang temu,1
tidur tahun ,1
drama narasumber seminar favorit,0
rasuk ibl si spesial klaten episode,1
rumah mertua part tekotok series,0
bocah cilik country ball cari rumah,0
isriwil berani lawan malaikat,1
mobil tenggelam,1
lidah buaya rambut,0
fnatic onic lawan rrq hoshi regular season week day game,0
mama gigi rumah merry langsung tidur kamar,0
kangen,0
thread horor viral twitter rewang,1
bro temu fungsi keranjang belanja,0
kamar beranta,0
permen sandrio,0
bantu bikin tugas sih emak,0
filter emosi bikin ulah,1
main sambung kalimat rawrrr klara tania,0
rekam suara orang tertawa,0
live mpl id si regular season minggu bahasa indonesia,0
permen negeri,1
orang ajar ajak makan naget,0
lihat,1
parah plafon rumah warga rubuh sound horeg bassnya kencang warga ganti rugi,1
tombak ikan,0
video salad juta,1
bentuk asli putri duyung,1
gentar tembak laku bunuh gadis jual goreng kabur hutan kejar polisi,1
bocah perempuan kaos bocah umur tegak hukum ini kasus,1
apartemen seram,1
ini,1
rekor poin merge fellas,1
ngangkot astana anyar,0
biadab alex mbh suro ritul gglkn lhn dibngun pondok gus hasyim asrori,1
pria ini senyum ini ,1
respect mbak pramugari ini,1
bapak tua semangat kerja,0
kirim iphone raksasa,1
fnatic onic lawan rrq hoshi regular season week day game,0
selasa siang tesla ku,0
isriwill belah,1
ras kuat bumi milik intelligence quotient,1
tualang bruno truk oleng,0
sulap merah makan paku,1
aqua murni air mineral resmi timnas indonesia,0
fufufafa fufufafa afaan sih judul oh bor bokir hadir,1
live mpl id si regular season minggu bahasa indonesia,0
thread horor viral twitter rewang,1
makan ini,1
hasan part animasi sekolah,0
best muslim pov orang galak anak masjid,0
pura pura sengat listrik,0
haruu sebab tangan potong tinggal kisah horor mbah sukur nusakambangan,1
bocah perempuan kaos bocah umur tegak hukum ini kasus,1
suasana hujan han,0
iphone penuh inovasi,1
ide iklan kreatif,1
trauma besar gempa aceh,1
juang yuni gilang,0
selatan,0
kakak suka bohong mama  ,0
mati lampu nurrayni,0
adik kakak akur,0
chocolate french toast,0
series yonas episode bapak suruh main,0
makan bakso emak bayar nurrayni,0
astronot ini loncat terjun bumi angkasa,1
orang indonesia tinggal suriname,0
makan hewan al alquran,0
suka tinggal indonesia jerman ,0
tupperware resmi bangkrut emak emak indonesia sedih merek ini diri,1
anak doa,0
hamas susup pusat kota israel,1
pria ini helikopter kerja keras belas tahun ,1
coklat spongebobs,0
ayah bilang anak gagal oh oke gue bongkar ya ayah baim cilik bicara podcast,1
aset israel hancur lebur,1
warga israel belot kerja intel iran bunuh netanyahu yoav gallant israel,1
handphone mahal dunia mahal iphone,1
nyali prajurit rusia drone pakai,1
optimal tingkat bisnis qlola bank rakyat indonesia info bbri id qlola,0
ramal musibah datang ,1
sengat lebah panik ,1
akal bejat indra nia incar laku nekat rudapaksa bunuh,1
pensil ini aneh banget,1
sedih driver ribu mobil senggol plastik kerupuk,1
salut jual tisu aga skill tongkat hibur rakyat lampu merah cocok aktor,1
istirahat news lolly jemput nikita mirzani,1
hasil guys yeayy,1
ldrnya minggu ,0
debu ya,0
babak bur amuk massa bunuh gadis goreng aku incar korban kali kali perkosa,1
laku ini manusia salju ,1
ayah iseng,0
ini abai impi mu lenyap fokus kunci raih sukses,1
dunia usir israel palestina pbb godok tuntut,1
ungkap ini aku bunuh gadis jual goreng padang pariaman sumbar,1
mering sakit indra sih bunuh nia babak bur kena bogem interogasi jujur bang,1
rahasia tuang mayones cepat sempurna,1
wanita ini alami jadi aneh,1
lari sembunyi polisi kejar,1
negara kotor kalah india ,1
fase perang israel hizbullah kacau balau,1
butuh amat jenius tangkap pria licin ini ,1
respect cepat intel jumpa begal,1
kali tinggal india masuk rumah sakit,1
insiden darah israel ribu tentara tewas kena ribu ledak hizbullah ratus rumah runtuh,1
sedih tukang sampah inggris menang lihat kondisi tukang sampah indonesia beda,1
seram tepi danau,1
beli daging amerika,0
rupiah juta unboxing iphone pro,1
misi rahasia perang dingin,1
hadiah ulang membangongkan,1
aku indra septiarman kali niat rudapaksa nia gadis jual goreng korban,1
misteri ndomiee buat orang enak buat ya,1
sih kakak sembunyi meja,0
pss sleman lawan arema fc highlights bank rakyat indonesia liga,0
negara takut indonesia,1
mobil adzam,0
ini bebek madura sambal setan cabe rawit,1
sosok balik bongkar sembunyi indra bunuh nia jual goreng padang,1
misteri balik lolong anjing,1
isriwil takut negara ini,1
tega buang kucing,0
bunuh gadis jual goreng tangkap rumah kosong warga tahan emosi amuk,1
bekal halo kitty,0
aku indra rudapaksa bunuh gadis jual goreng padang pariaman,1
posisi laku,1
austrian street food,0
rakyat pensiun tni,1
gila kali ini makan rel kereta aktif,1
putin campur kecam israel serang ledak pager hizbullah netanyahu takut kabur,1
data npwp indonesia bocor,1
handphone edo cebur,1
siasat sangka gadis jual goreng labuh polisi sembunyi loteng rumah warga,1
tampang babak bur sangka bunuh gadis jual goreng tangkap polisi,1
waspada modus palsu bilang jenis modus tipu,1
moga om om tentara,0
coklat bentuk balon warna merah muda,0
pensil aneh dunia nomer sangka,1
kuak kronologi aku sangka bunuh gadis jual goreng padang pariaman,1
cerita hilang sari sari pintar hesti,1
datang tau betapa rindu kembali,0
reaksi negara indonesia hancur,1
modus licik indra septiarman kelabu nia gadis jual goreng siap tali rafia ikat korban,1
manchester city inter mil champions league match highlights,0
murah indonesia mahal negeri harga tempe mahal,1
tenda besar dunia,1
mafia buru otak manusia,1
ekspresi nikita mirzani kuasa tahan tangis jemput lolly,1
laku bunuh gadis jual goreng aku aksi liput,1
match rrq hoshi lawan geek fam leg,0
pisau uang,1
bjorka bocorin juta npwp data jokowi bahaya nih,1
negara benci indonesia,1
blender viral miss swiss,1
indra septiarman curhat teman bunuh nia,1
reaksi joli begal medan,1
donasi bikin bangkrut,1
rumah bang windah basudara bakar,1
kisah dolly part,0
akibat berani tantang tarung mma,1
dadak kayak animasi lucu kartun lucu warganet life,0
tebak lagu,0
coba es krim panjang,1
warna kuning biru,0
batik malaysia kali tinggal malaysia,1
malay culik mumi mesir,1
ronaldo selebrasi jari maksud,1
cici taro foto mas bule ikea,0
remeh orang,0
momen speed bingung el galer,1
wanita ini sandal pohon kue ,1
gila prof ini bongkar buku sekolah ini bodoh tema ajar kacau,1
negara takut malaysia,1
prank wine buruk lomba internasional,1
tipu otak sendiri,1
lempar laptop bocah cilik eh,1
pop corn choco chips,0
sepupu kasih sepeda,0
sedih wanita ini kena bronkitis pacar kok kok pasif bahaya aktif,1
bocah cilik impi,0
bocor kabinet prabowo subianto peluang partai demokrasi indonesia juang gabung bocor halus politik,1
ngeri pria ini cerita hati hati kos indekos ribu lengkap tunggu,1
merah campur biru supertest,0
tantang gila lawan khabib lawan tony mcgregor,1
sangka bunuh nia gadis jual goreng tangkap kabar petang tvone,1
life hack sesat,1
spider man bohong terbang ,1
nuy nuy konten suka kalian nih,0
rumah windah basudara bakar,1
viral wasit terkp dpuk main sulteng  juara sepak bola pon raih jawa timur,1
lolly amuk tuding nikita mirzani geledah isi kamar cari bukti izin indepth,1
jaga kebun binatang nakal,0
anak doa,0
bumi september ini asteroid bumi,1
aset israel hancur lebur,1
virus aneh orang ini ,1
kronologi residivis rudapaksa nia jual goreng padang pariaman,1
tangkis episode takarir indonesia,0
indra tahan hidup lari bunuh nia,1
anak ini temu dompet isi uang,1
tentara korea utara korea selatan adu kuat batas,1
eksperimen ibnu sina bukti manusia hancur cemas,1
negara indonesia jajah cina,1
sedih driver ribu mobil senggol plastik kerupuk,1
debu ya,0
babak bur amuk massa bunuh gadis goreng aku incar korban kali kali perkosa,1
cewek es kalah cowok,0
detik detik sangka bunuh jual goreng tangkap tim gagak hitam,1
balon jatuh,0
hijau campur ungu campur biru supertest,0
ishowspeed sih indonesia,1
panji tualang lilit ular python hutan kalimantan,1
sosok singgih jawa indra bunuh gadis jual goreng seret nama,1
tegang loly anak nikita mirzani jemput paksa teriak histeris terima,1
tebak lambang bendera negara,0
ishowspeed indonesia,1
fufufafa lantik gibran batal,1
momen lucu ishowspeed bicara indonesia,1
push coklat,0
sisamsul rantam panggil mama,0
geger prabowo fufufafa marah,1
usir temnpat main bocah cilik,0
polisi tangkap sangka bunuh gadis jual goreng sumbar liput,1
negara serang warganet indonesia,1
crepes toping,0
ishowspeed papua irl stream indonesia part nya,1
mie instan bahaya tirta,1
tau makan keju babybel kuning kayak,1
nalar aeronshiki,1
mas basuki tukang sapu,0
hewan aneh ini ubah manusia,1
cangkir kayu cantik adik,0
latih shin taeyong marah marselino lapang ini,1
momen kocak ishowspeed indonesia,1
ishowspeed batik batik asal malaysia,1
kartu phoenix full art mahal tcg card shop simulator gameplay,1
gue ketemu ishowslow anjir,1
edo pulang,0
sekolah kelas balik,0
,0
ya dek yaaa  cristiano ronaldo,0
mobil taksi nya makan,1
mukbang jelly warna warni,0
bikin bingung,1
nisa cari angin,0
tilang polisi tiba,0
detik detik laku sikat napi,1
masyaallah haru,1
ajaib rusa gue lahir anak langsung cium,1
part behind scene medy renaldy prank ishowspeed,1
anak ayam pulang,0
kalah anak,0
ungkap motif indra septiarman habis nia gadis jual goreng pariaman akis tvone,1
tingkah sok kayak lugu sih pick film pimi bikin greget timpuk,1
ritual sekte satanisme keri adolfo constanzo mark kilroy,1
sus usir akbar,0
asa pasar paweixun borong keranjang seru rempeyek,1
vadel kabur lolly tinggal,1
heboh edar video obrol gibran kaesang syahrini barang bekas kualitas,1
nyai gundig biangkerok spesial klaten episode,0
makan permen sesuai emoji,0
mana labubu,0
cari hantu belanda,1
kronologi rumah dilemparin bocah cilik,1
ungkap polisi kan motif aku sangka bunuh gadis jual goreng,1
mama feli lembar,0
identifikasi mayat kali bekas keluarga datang rumah sakit polisi republik indonesia akim tvone,1
kejut analisis psikolog tangis histeris lolly jemput nikita,1
driver online,0
seru yuka chan main waterpark besar malaysia vlog,1
rrq lawan evos gila ini match seru habis mpl si,1
derby classic lord natco lawan raja skylar,0
bakso kontra ribet episode,0
ungkap kisah tragis gadis jual goreng temu kubur liput,1
dramatis polisi tarik celana laku bunuh gadis jual goreng sembunyi loteng,1
kejut pesan jend gatot nurmantyo pasu berani mati bela jokowi,1
polisi motif bunuh perkosa nks gadis jual goreng potensi sangka,1
nina halang ajeng pergi cinta yasmin episode,0
bukti kuat nomor fufufafa sambung akun gopay gibran seret skandal syahrini,1
warga korea kecewa ulah laki laki ini,1
rating hamster bisnis atas tingkat gagal rendah,1
bantu modif mobil meyden,0
lari rhoma irama ingat rizieq shihab asah parang,1
mama putri temu mama feli,0
tirta tonton podcast ini hidup umur,1
bau hoki tcg card shop simulator indonesia part,0
ini tunggu tunggu telusur langsung desa sumala,1
detik detik tangkap sangka bunuh nia jual goreng,1
pasang bot tc,1
cinta samper akang bekas  langsung coba vario,0
handphone lolly hasil buka nyawa nikita mirzani keluarga ancam indepth,1
bareng timnas jeje tau rahasia latih shin tai yong talkpod,1
pulang cina singgah xiamen pulang yuk saksi seru,0
tawa unjung dedi mulyadi balas sentil jaksa jarang sembako,1
rumah thoriq aal hantu mimi kd ajar ameena nyinden,1
full ahli digital forensik rismon hasil ekstraksi handphone chat vina sidang pidana,0
live ngeri lihat mata ahli saraf ini gibran tes jiwa rohani,1
lari bunuh gadis jual goreng,1
live dokter kandung ini janggal bantah lolly kait duga hamil,1
jerome ketemu anak sekolah dasar papua jenius viral dosen kalkulus keren bgt,1
ibuk kolab minthul bakar production episode cerita jawa,0
geng butterfly,1
orang cina percaya setan keluarga konglomerat jaga teror habis habis ruko,1
misteri badut psikopat culik anak sekolah,1
kronologi tumbuk ishowspeed,1
pagi santai santai merge fellas,0
viral wasit terkp dpuk main sulteng  juara sepak bola pon raih jawa timur,1
geger ini celah gibran makzul lantik denny indrayana bongkar putus mk,1
lolly amuk tuding nikita mirzani geledah isi kamar cari bukti izin indepth,1
jam sewa rumah lucu dunia meissie vilmei cici korea klara tania perosot,1
tangkap bus tayo keri kabur masuk penjara,1
alas medy renaldy smackdown ishowspeed,1
reuni nya taman anggur subang,0
juicy luicy haha official musik video,0
kangen band lalu official musik video,0
assholatu alannabi   sabyan,0
episode upin ipin musim rumah hijau opah full episode,0
tualang ruang lari hogwarts ana roma bahasa indonesia,0
nastya kisah lucu sekolah,0
spongebob momen episode musim nickelodeon bahasa,0
mio bocah cilik kayak sombong lawan juta bocah cilik miskin rendah hati martina pergi nyawa mio bocah cilik sombong,0
leika polisi anak anak tangkap curi leika tompel tangkap anak bandel,0
push gasss,0
mobil truk tronton bongkar mobil mobil pesawat terbang tayo excavator truk molen part,1
ajak paps aqilla main mandi bola puas wajib kesini main bsd,1
grand opening server satunusa berrr roleplay,0
liwet obat rindu kontra ribet episode,0
bang perang bang satunusarp grand theft auto roleplay,0
drone hasil tangkap lampor keranda terbang nyata warga desa panik,1
restream bantu warga satunusa roleplay grand theft auto roleplay,0
jepang lawan indonesia highlight afc asi cup,0
restream bantu warga satunusa roleplay grand theft auto roleplay,0
sangka kang ojek online ini suara merdu unjung acung jempol,1
kisah diri,0
yuka chan ganggu hantu nenek nenek day life,1
anies lawan prabowo lawan ganjar epic rap battles presidency,0
pubg indonesia suara sumber bodoh,0
hewan tropikal baik  itu toco leo sih jaga alam kartun anak anak,1
mama ginting dansa portu epy hala,0
tamatin puzzle obby ini teamwork carry puzzle roblox,1
adit jarwo bang jarwo habis mangkok bakso,0
spongebob pegawai krusty krab nickelodeon bahasa,0
dinda culik ambulance hantu bawa jenazah,1
mesra duet owan novia bawa nyanyi rindu tonton kompak nyanyi academy,0
seru aqila main playground pororo park besar pim jakarta,1
creepypasta aneh seram temu februari baik februari,1
kamp koral spongebob balap demolition derby kompilasi menit nickelodeon bahasa,0
spongebob menit momen momen lucu episode spongebob nickelodeon bahasa,0
heidi zidane kejar alien misterius,1
ratok kincia tuo lagu dangdut baru intan pusany,0
mantap cover kendang romantika faris ft oomega live tuban,0
ondel ondel lagu daerah daerah khusus ibukota jakarta ondel ondel betawi remix,0
calon legislatif pakai santet obsesi menang bumerang kartun hantu pilih,1
alice megan friends karin beli baju sakura school simulator,0
manusia lemah evolusi kuat ,1
litte pony bahasa indonesia nikah canterlot bag episode penuh,0
aqila main dokter dokter masak masakan playground hooray,0
tantang petak umpet warna elemen api elemen es udara bumi adu kuat michael tubehd,1
februari,0
fika si famili friends banjir hujan angin sakura school simulator,1
respon gibran kritik ahok kabar petang tvone,1
omon omon nasi goreng  prabowo podcast,0
rekam cctv tampak hantu sadako teke teke sakti takut pulau ini,1
tangkap cctv tampak hantu lampor keranda bahaya desa,1
hamil untung lawan hamil sial drama parodi michael tubehd,0
sisi tari kontra ribet episode,0
drama hamil pingsan lahir salsa famili,0
part drama hamil lahir papah pingsan,1
aduh gilir little angel kartun lagu anak moonbug kids indonesia,0
adik jessi jefri nichol haru main hakim,1
selamat tinggal keranda terbang keri kabur bakar amuk,1
wakil rakyat kampung mak beti,0
kue hilang raya juta subscribe dista mikhayla,1
owner showroom mobil dino cari wanita impi take indonesia,0
bos ikhlas lamar gembel alas bikin haru bikin bawa asa,1
perang sarung season part animasi doracimin,0
hasil tamatin puzzle obby ini part teamwork crazy puzzle roblox,1
sepenuh hati,0
salsa sate jelly warna warni bikin rumah salsa famili,0
episode upin ipin musim ramadan kati full episode,0
arisan putus silaturahmi,1
hewan ternak ajar interaktif kunjung terna,0
hewan lucu kucing kelinci leo sih jaga alam kartun anak,0
spongebob acara televisi bikini bottom nickelodeon bahasa,0
kring sepeda lagu anak balita indonesia ira charma fun,0
leika main bareng mazaya jakarta leika fashion show bikin tiktok seru banget,0
kenal balita bayi lagu interaktif kenal hewan kak nisa,0
ipar maut official trailer,0
pororo main ajar air warna warni poby patty tutu loopy crong edy harry tongtong,0
sahur leika lawan sahur tompel ramadan leika susah bangun tompel tangkap polisi,1
indah bagi,0
kumpul video tiktok jj boboiboy,0
spongebob menit spongebob malam nickelodeon bahasa,0
gawat perut yazid buncit banyak makan jajan es krim bu tompel lucu lahir suntik dokter,1
grebek rumah klara tania bareng meissie cici korea musuh vilmei,1
enak banget lesti judika vidi bikin merinding gala live show factor indonesia,1
hunting es krim masak masakan dokter yupi baby shark marsha bear upin ipin bebek ikan,0
punggah sambut ramadan kontra ribet episode,0
beda review samsung galaxy indonesia,0
borong permen lucu malaysia ,1
unboxing box main  bangeetttt,1
lumpia jeletot,0
tips cowok keren,1
kumpul serangga hewan shoffa,0
senjata destruction legend,1
buka,0
faja angga dermawan,0
bangun sahur,0
berkas sinar karaoke nike ardila nada wanita,0
leika main petak umpet playground rumah seru banget main bareng ayah tompel,1
jual skincare abal wajah glowing rusak kartun animasi drama,1
yuka chan ganggu hantu tidur rekam cctv day life,1
suhu ekstrem bikini bottom spongebob,1
tangkap ikan lele jumbo lubang ikan gabus belut ikan hias ikan koi kura kura,1
momen momen dingin bikini bottom spongebob,1
kepala pundak lutut kaki cocomelon lagu anak moonbug kids indonesia nursery rhymes,0
polisi leika lawan polisi amanda lawan polisi aluna aksi basmi jahat tangkap curi kuromi,1
bikin avatar,0
tradisi jawa brokohan gudangan masak,0
dinar leika cuekin dudung main bareng ini khusus cewe ,0
pasar apung lok baintan kfj kotabaru,0
tunggu versi orgen tunggal zona ganjur kalimantan sari devi risky mahendra,0
lexie sakit leika demam igau kayak surup kali mudik sakit,1
hasyim asy ari si ketua,1
libur lebaran kontra ribet episode,0
lomba masak kontra ribet episode,0
frank botak beban rekan auto hibur bocah cilik,0
giat steam environmental sains lukis kertas daur ulang bubur kertas,0
prof jimly salah ambil putus,0
leseh warung tatik kontra ribet episode,0
khw part kuret,0
upin ipin musim kerupat idul fitri,0
implementasi ajar pjbl tk muhajirin,0
rela diandra ayu omega musik,0
halal bihalal lebaran kontra ribet episode,0
leika buka bareng youtuber baby dinar dhista mikayla qaereen main bareng seru banget,0
prosesi ijab kabul baktiar asyifa,0
gue beli eilik warna merah muda harga juta lucu banget ,1
rukun bungkhani sumitra buddha gopal magar shingron ft aswin magar aarati ale magar,0
jebak kuntilanak kepala buntung warga kaget makan,1
sri labrak endang,0
highlights yordania lawan indonesia afc asi cup qatar,0
gara gara stela martha ubah,0
highlight korea selatan lawan indonesia afc asi cup qatar,0
frank duo botak ngetroll ketemu bocah cilik sunda auto bikin bahagia,0
gin uang pensiun presiden,1
frank botak rekan troll menang eh ajak main,1
bedah tipe cowok idam cici cantik tipe cici cici,1
botak beban rekan isi nya bantai langsung pakai mode sad,0
barbie jawa pindah rumah,0
,0
azab tukang utang bayar suruh ngerelain kartun drama hutang,1
gargamel ratu dansa smurf,0
surga timur indonesia raja ampat papua,1
ciinan bana shinta arsinta ft cantika davinca official live musik cover,0
isyana ketemu afgan vidi minggir ya maaf  nyanyi vidi isyana afgan,0
layang kangen masdddho ft saka kempot official live performance,0
mira putri ciinan bana official musik video,0
karaoke ciinan bana fauzana versi disc jockey remix nada cewek,0
bersih truk beko cakruk mixer truk truk oleng truk molen tayo truk tank baja,0
basarah kakak garih tangan,0
ubah kang ojek online feat laila ayu pangestu,0
ciinan bana karaoke nada wanita cewek rendah lagu mang versi original fauzana,0
azab usaha rental serakah pentingin cuan nyawa tumpang kartun hantu,1
upin ipin musim cari patung full episode,0
seru yuka chan main waterpark besar malaysia vlog,1
disc jockey aurora fyp tiktok bangsay fikri funduraction,0
piring dua irwan krisdiyanto fira cantika simpatik musik official musik video,0
silvy kumalasari lampias official musik video,0
neverender radio edit,0
desa darah khw part,0
gala gala karaoke adek astrid bajidor,0
bakso kontra ribet episode,0
trio jelita lahir mata hepeng official musik video mandailing baru,0
mix rkt v deo set virrshi disc jockey,0
endang tukang curi,0
spongebob ate libur nickelodeon bahasa,0
disc jockey gara gara botol minum eri pras party bass midel nulup zainul,0
shinta arsinta ft mala agatha gara gara botol official live musik cover,0
defri juliant gara gara botol minum pusing minum minum,0
tapisah cover minggus ft indri lagu ambon,0
spongebob maraton spongebob musim menit nickelodeon bahasa,0
kang ojek online rizal ft almera sabrina ciinan bana om nirwana comeback official performance video,0
leika kamar kuromi lawan tompel melody dekorasi kamar serba sanrio,0
kapten hiphop produk timur feat jacson zan official musik video,0
gangster brutal bunuh gadis salah sadar ayah marinir takut,1
disc jockey slow bass remix jedag jedug full bass baru,0
mc,0
selamat upin ipin,0
rumah upin ipin teror siren head ultraman belial bantu part,0
live masha beruang episode kartun anak anak masha bear,0
pemuda bela pasang usia hina restoran,1
leika borong boneka labubu tompel bagi labubu challenge,1
spongebob ate menit squidward lelah nickelodeon bahasa,0
fuck diddy,1
sara wijayanto buka mata batin wendi kondre kena momen kocak lapor,1
shinta arsinta gara gara botol goyang esek esek official musik video,0
chen nazriya nadir official video urdu rap,0
beat deluxe pintar oke kobo kanaeru,0
doraemon nobita buru dinosaurus musim panas doraemon bahasa indonesia,0
harap,0
keribetan azam salsa jajan es krim menang,1
ini minta allah hamba senang dunia akhirat,1
full terima janda harga juang kisah nyata,1
potong sapi qurbani idul idha simulasi potong sapi,0
nyai khw part,0
sadis usaha ayam gepreknya laris manis ritual sugih laris tumbal suami mertua,1
sentak party main lama rizal rmxr kloanglagot ligthing,0
pocong asi joget pocong dancing kartun hantu lucu,1
tantang masakan lawan nenek kiat masak simpel alat multi challenge,0
tin wini biti video lirik lagu pelangi pelangi,0
drama sultan squad,0
telusur rumah tasya farasya,0
pusing bayar hutang almarhum suami nekat sugih ain malaikat sayap antv episode full,1
malapetaka barok sus,1
cctv rekam bus tayo misterius hantu rumah takut,1
inspeksi dadak rumah haji malih juragan betawi asli halaman luas banget pohon,1
tate mcrae si oke oke lyric video,0
bbk ep sule lawak favorit bocah kosong lawak sombong versi catheez meyden vior,0
full drama musikal magic main main kuat,1
seungmin steal show elemental lauv cover song ep,0
hati biru film indonesia angga yunanda aisha nurra datau film keluarga,0
episode ambo tai anak jalan timur kota komedi bugis,0
umi kena fitnah,1
toyota city pop energize musik video,0
nabila taqiyyah terpa luka official musik video,0
savara show official musik video,0
tiara andini untuk official musik video,0
official musik video linkin park,0
nresnani lavora ft damara deh official musik video maturnuwun tansah mayung,0
toton caribo bola bola official musik video,0
hanin dhiya stevan pasaribu official musik video,0
twentynine pengarepan official musik video,0
esok tiada official trailer,0
video musik laptime remaja jakarta version,0
kembali kasih etgard kalengke official musik video,0
raja nassar samira official musik video,0
meiska keras kepala official musik video,0
eri pras feat ponidi sekti official live musik video dc musik,0
esa risty ft wahyu giri jejantunging kalbu official live musik nyendhera pundhakku,0
pororo bahasa indonesia gigi goyang goyang lagu anak anak pororo sih penguin,0
wali bang jago official musik video nagaswara,0
shinta arsinta gus dur pendekar rakyat official musik video,0
ochi alvira ft diva hani halu live dangdut version takdir untuk ku jaga,0
piring dua tasya rosmala adella ft nophie adella om adella,0
dinda teratu feat delva cinta air mata official live video royal musik,0
fauzana basarah kakak garih tangan official musik video,0
,0
silvy kumalasari nyawiji official musik video,0
ndx aka luka official lyric video,0
nyawiji silvy kumalasari official musik live,0
kucing biola lagu anak anak lagu anak indonesia balita baba lili tata,0
arief salah official musik video,0
nih,1
arief pandai diri dusta official musik video,0
anggur masdddho ft saka kempot official live musik,0
yen inka gara gara botol official musik yi production,0
denny caknan feat ayah lala saleho official live musik video dc musik,0
eri pras oplos official live musik video dc musik,0
arif lida saiyo lagu mang baru official musik video,0
sasya arkhisna sekti official live musik ombak gedhe sebrangi,0
suami kalimantan istri kampung sibuk pasang kb,0
nyawiji wahyu giri ft diva hani official live musik saben dino anane mung kangen,0
vidi senyum official musik video,0
revenge official musik video,0
benneng wedding sisapi hati muasselleangnga cut rani official musik video,0
pergi dongeng anak bahasa indonesia cerita rakyat dongeng nusantara,0
sasya arkhisna yayi feat bintang fortuna official musik video,0
rayola sumpah main bibia official musik video,0
alipin,0
sekti versi video klip niken salindry sekti official musik video aneka safari,0
blu kunto aji jalan pegang,0
sekti shinta arsinta official musik live ombak gedhe sebrangi,0
shinta gisul gara gara botol official live dangdut lembayung musik,0
intan afifah mari cinta mahesa musik,0
silvy kumalasari petetan official musik video petetan iya kembang petetan,0
mimpi keluarga nahla official musik video,0
gus dur sasya arkhisna pendekar rakyat official live musik,0
ciinan bana kalia siska feat suka kentrung official musik video,0
sisa sisa cinta kalia siska feat suka kentrung official musik video,0
gilga sahid bunga abadi official live video royal musik,0
disc jockey mang tjap bedil basarah kakak garih tangan trap party baru,0
rayola indak kakak ganti ganti official musik video,0
shinta arsinta sekti goyang esek esek official musik video,0
eri pras crito mustahil official live musik video dc musik,0
sulit percaya orang tinggal ini ini mukim unik aneh dunia,1
teori konspirasi gila hollywood,1
disc jockey sekti bass horeg nrotok kelud production remix official video,0
siti badriah butuh awat official musik video nagaswara,0
bidan khw profesi part,0
mampu langka takut perintah ,1
ayu cantika sekti mahesa musik,0
alah nama anak azab orang tua bebal suka manja anak kartun animasi drama,1
resepsionis hotel khw profesi part,0
sesat dunia loko,1
woi agus bikin malu orang but  dengar gue cerita,1
niken salindry sekti kembar campursari official musik video,0
shinta arsinta feat david chandra sekti sagita assololley dangdut official musik video,0
preman ilmu kebal sugih sate gagak perang geng motor sikat jejak sih gundul,1
cidro masdddho ft staso prasetyo official live musik,0
denny caknan cundamani official live musik video zepp kuala lumpur,0
nicky astria bongkar rahasia atiek coba part,1
diva hani adil cinta official live lembayung musik tai oh tai oh,0
gila hadap bos kocak kayak annoying bos presented hashmicro,1
titik kumpul bahas serius serius bodok,0
kabar orang orang balik meme kenal indonesia hilang,1
nurma kdi botol minum,0
gambar zaman ,1
esa risty ft wahyu giri pujaningsih official live musik dhuh sang mustikaning asmara,0
anak kucing lagu anak indonesia baru anak kucing gemoy,0
salah esa risty official live musik khianat salah,0
biduan khw profesi part,0
mantan ahli santet ria puspita makan janin minum haid,1
diva hani cinta air mata feat bintang fortuna official musik video,0
rheina cerai lara video musik official,0
amen pantun madura lucu indry annisa feat maria,0
kayak bohong jauh online,0
esa risty woro widowati safira inema amen kolaborasi spesial official musik live,0
kerja tambang khw profesi part,0
rena movies ft gerry mahesa temu mahesa musik,0
pacar dekat kartun drama horor animasi sekolah,0
tari godain kontra ribet episode,0
rena movies ft gerry mahesa nyawiji mahesa musik,0
topi pipi monyet nya eca aura bikin hati jedat jedut jegel vidi,0
supir khw profesi part,0
upin ipin musim rembosaur full episode,0
lepas kendali kontra ribet episode,0
azab selebriti sok kayak suka pamer barang mewah pas belanja bayar sinetron kisah nyata,1
ovhi firsty lelah ku juang official musik video,0
niken salindry gagal official live musik video dc musik,0
qc pabrik obat khw profesi part,0
sasya arkhisna sotya feat bintang fortuna official musik video,0
kompilasi lagu anak cicak dinding sayang lagu anak,0
denny caknan medley widodari sanes kisinan official live musik video zepp kuala lumpur,0
dinda teratu lungo mahesa musik,0
cantik instan ,1
rumah lebar meter desain pintar inspirahoms rdyunita,1
teras part animasi sekolah,0
full concert ndx aka cerita subang fest vol,0
labubu song lagu anak labubu indonesia,0
denny caknan full album baru sekti kalah lagu jawa baru,0
leika ajak tompel challenge bikin boba semangka viral ayah hasil ya,1
difarina indra feat cak fendik kawin kontrak adella strok bike festival vol jepara,0
thomas arya feat ovhy firsty jurang pisah official musik video,0
saleh solihun mulut racun bilang talkpod,1
laila ayu ft irwan krisdiyanto rela kalah simpatik musik,0
adik tentara langsung cewek scholl party craft,0
selamat jalan garuda wisnu satria muda musik video,0
wanita ini hilang misterius pecah,1
misteri bioskop bengkalai,1
zaman baru monyet makan cabe full film,0
stela fahri trauma,1
della monica mawar hitam pemuda pakistaji anniversary,0
mazaya baby chick official musik video,0
buka pintu misterius larang ini tanggung akibat,1
spongebob maraton episode klasik marathon menit nickelodeon bahasa,0
teras part animasi sekolah,0
aku tebas kesal mantan cwk  lucinta luna praz teguh,1
tiri bawa neraka,0
jelas kontra ribet episode,0
pria jahat ini jual wanita ini,1
tanda tanda allah subhanahu wa taala sayang ustaz adi hidayat kaji masjid surabaya,1
bikin popping boba semangka viral,1
konflik israel hizbullah jarang berita media,1
sala nebe furak andrey arief official musik video,0
hotel mewah bikin mak beti bahagia,1
mie gocengan horor film sakura school simulator,0
kasih batas seabank tani,0
film ini tonton muntaber ,1
puisi malam alternate version fiq official lyrics video,0
sejarah perang vietnam amerika prancis soviet cina perang dingin,0
cerita rexona,0
mas bre nyawer syahiba saufa kalah feat onepro musik sff,0
mak beti makan hati beti,0
new hilux rangga maju usaha laju,0
bikin ngakak  rida ahklak sidang bunda fauzana,1
bangun rumah hewan pelihara situasi lucu multi smile,0
detik detik rivan nurmulki main quiker liga jepang,1
merlin kawan cari stela,0
simak kisah jalan ayu catur join shopee affiliate dapat komisi puluh juta,1
yuka chan bikin coklat dubai viral day life,1
harap ustad das latif,0
rumah warna tantang perang lelucon multi smile,0
viral jadi gila kontra,1
siksa dms telusur,1
cari restu mama pacar,0
indah kali cisadane,0
menang cinta gebyar hadiah baca,0
songong kasihan,0
dinda teratu feat delva nresnani official live video royal musik,0
muslim makan ringan street beijing,0
kali minggu bikin minum ini bosan bosan  es laiber es timun kuwut,1
match highlights portugal polandia uefa nations league,0
pemuda piatu ini tantang adu tembak komandan,1
anak ini rawat jasad ibu bau busuk,1
balas dendam serang kapal perang jam fakta serang houthi yaman kapal perang,1
paraguay lawan argentina highlights federation international football association world cup conmebol qualifiers,0
rony parulian ujung official musik video,0
kali ini tuju perintah,0
gedung parlemen banjir protes anggota dewan robek rancang undang undang susul tari suku,1
juta kamera serius ini,1
krisis inggris gali kubur hancur,1
venezuela lawan brazil highlights federation international football association world cup conmebol qualifiers,0
full highlight bahrain lawan cina kerja rumah afc asi qualifier,0
kilometer part animasi sekolah,0
perintah prabowo kubur langgar ham berat bocor halus politik,1
utah utes lawan colorado buffaloes highlights fox college football,0
laku begal tembak polisi cengkareng tewas tembak mati upaya lari,1
plot kisah kucing sayat hati copycat,0
shin tai yong coret eliano reijnders erick thohir ole romeny tonton timnas indonesia lawan jepang,1
kejut percaya komentar tohok cristiano ronaldo dadak bicara ini timnas indonesia lawan jepang,1
aneh terbang pesawat ini nightmare flight,1
kilometer part animasi sekolah,0
film horor baru ,0
bujing takut kontra ribet episode,1
grand final futsal axis nation cup indonesia arena gelora karno jakarta,0
dewi marah mobil cherry habis ini modifikasi brio,1
rumah lantai cor semen masak coto makassar kerja suka,0
curhat mahfud detik detik polisi mundur luhut langsung kirim kopassus,1
syuting menit proses buat film pendek gwsm,0
gila mukbang seblak lv pakai daging wahyu kg,1
aneh seluncur air ini observation duty,1
ratu emas mira hayati skincare sangka produk merkuri silet,1
shock mike tyson tampar jake paul acara timbang badan rusuh pecah televisi prime,1
misteri pohon gadog,1
gila popland beijing,1
luhut mahfud buka lah ruang sahabat episode,0
highlight indonesia jepang afc asi qualifiers road round,0
murka duduk amsterdam fan bola israel buru salah learning googling,1
dunia kiamat jebak restoran tunggu,1
drama sultan squad episode,0
sisa ucap,0
program televisi uji nyali tayang tc,0
putus gila kejut erick thohir hasil laga timnas indonesia lawan jepang,1
ayah siswa diam balas sundul ivan anak paksa gonggong,1
trickster end game grand theft auto roleplay,0
viral bocah kembali tas isi uang rupiah juta milik imbal rupiah ribu,1
keri indah ini,1
kutu sugih dms telusur,1
duka kenang kenang rumah almarhum kakek,0
thread horor viral sorop,1
rumah makan hantu animasi horor misteri warganet life,1
gilga sahid ft happy asmara ini weke official live musik video,0
gempar prabowo bikin amerika panik desak damai palestina juluk serigala,1
skibidi toilet zombie universe delete man,0
samper jual blok ayu ting ting tiktok,1
sultan raja selamat sultan putri rencana jahat feli,1
pria badan tegap ivan sugianto intimidasi siswa duga anggota asosiasi tinju indonesia,1
misteri siluman ular,1
tukang koran keliling aneh newspaper day,1
unboxing blindbox plants lawan zombies bareng windah basudara,0
bangun singa tidur ,0
telepon lambat,0
zara ikhlas,0
masak marinir hantu laut masak serasa perang,1
windah basudara cup tunggu indonesia lawan jepang efootball,0
pabrik boneka dollmare indonesia,0
bilang nyanyi datang senyum yakan dunia tipu tipu episode,0
selamat ocha part drama animasi sekolah,0
aisah bebas part tamat drama animasi,0
belanja masak enak keluarga cina pulang indonesia,0
obrol lawak,0
mafia anggota trickster turun grand theft auto roleplay,0
istirahat news jelang laga timnas indonesia lawan jepang jumat november,0
jual risol isi daging sapi gurih cina laris manis bagi,1
sahabat sus yuni,0
reaksi oncess d ajak libur negeri bal jemput onty,1
aisah bebas part drama animasi,0
verdong kuasa tahan air mata kompak support timnas kalah jepang vs,1
jual sedih duit donasi adun sedih sekali kartun animasi drama,1
lapor mas wakil presiden apresiasi citra,1
kejar setor empok ayu wanita introvert,0
mata pena bideh pelean episode,0
agus uang donasi kembali,1
pikir kendali sistem asing ini,1
berani banget yasmin ambil memori kamera mobil alisya cinta yasmin episode,1
drama sultan squad episode,0
bukti cecunguk wakil presiden ban serap bungkam benci,1
exclusive seret beking judol menteri budi arie buka suara,1
janji ku beli miwa chan tas senang alhamdulillah terima kasih,1
temu buka rangka selesai donasi agus salim,1
ike farida duga alami keras tangkap paksa sidik polisi daerah metro jaya inews files,1
chitchart ep eksklusif ziva zee asadel dangdut feat goyang nih arlida putri,0
kinanthi khw part,0
saing ani ani buru gadun tajir kartun animasi drama rebut laki orang,0
pas briefing erti pas main buyar momen seru arisan,0
heboh banget ayu ting ting ketemu praz teguh,1
histeris alisya stres pukul kepala cinta yasmin episode,1
meisita kakak bor tolong akuuuu bor mantap vidi bikin marah habib jafar,1
misteri sekolah bengkalai sakura school simulator,1
agus sedih banget animasi doracimin,1
menang orang tua cerita wali murid paksa siswa sujud gonggong akis tvone,1
budi arie periksa  blak ya mahfud md bicara,1
endang,1
episode,0
main kait peluang lolos piala dunia ini reaksi struick juluk garudafans,1
sangka densu koordinir alih donasi milyar agus,1
bola api paku saldo nambah  ferry irwandi lawan santet indonesia podcast,1
publik figur manfaat zehan sih orang,1
notice kah geis orang korea five hearts one roof,0
bbk ep tonton tretan muslim bawa idris aan full drk jokes catheez absen,0
kilometer part animasi sekolah,0
pilih episode,0
ribut kontra ribet episode,0
drama sultan squad episode,0
anak coba kenal cewek korea five hearts one roof,0
drama sultan squad episode,0
cooltopia cooling squad lawan panas,0
maia estianty emosi dengar aku anjasmara istri muda pintar tutup media,1
farel prayoga feat vania latifa memang buku official musik video fan page musik,0
jadi mau wondr bank negara indonesia,0
hantu mundong khw part,1
wati rampok kontra ribet episode,0
trick ice skating cina menang olimpiade,1
qori cilik bikin juri takjub suara khas,1
momen manis taman,0
pipa cina palsu air terjun tinggi asia,1
wasit jaman lawan wasit veteran,0
wajar monyet makan pisang,0
risiko kurir wajah tampan,1
proses buat keripik singkong bulat,0
ketes refleks bayi ,0
daerah atur kena baju sah,0
main kotak misteri jepang,1
bodyguard lindung bos tembak,0
host piala dunia laksana negara,0
pro frisbee panggil frisbiano ronaldo,0
haena si world pesona teman kakak,0
sih jalan jalan pas mobil duduk nya empet empet,0
jenius air minum kemas,1
turut anak,0
mbak bule kaget makan nasi padang,1
remaja lucu,0
parkir kapal pesiar,0
geng julid undang merah muda guard squid game,1
tonton main ini messi,1
tumpah minum,0
pancing wajib milik alat jenius ini,1
pov mining diamond bareng temen,0
meme absurd kembali suasana hati,0
mochi nya makan tikus,0
varian bola plastik power op,1
niat sumur temu harta karun,1
truk auto pilot,1
kayak,0
adik jereng nurrayni,0
senyum oppa afan lo bikin leleh orang wkwk,0
reaksi megawati oh young kena headshot,1
ambil uang orang ya,0
coklat dubai candu,0
tembak jitu hadap,0
aletha ajar papoy hitung,0
keren banget imbang kayuh sepeda setir,1
kejut kue ulang pelangi,0
bikin tenda pakai selimut nurrayni,0
teman mobil nya duduk pojok,0
fitur aman canggih mobil volkswagen,1
haena si world amen mudah serah,0
muslim selamat asap dukhon,1
masuk televisi nurrayni,0
nabi muhammad menyembukan sakit halimah sa diyah,1
masak versi,0
gelap bang ib tiktok,0
ekor siluman ular,1
kakek ini takut tonton agt,1
butuh uang ya,0
aman makan marshmallow llow,0
tinggal pergi,0
mama peri nabel,0
desember,0
tukang paket kesal,0
murid seko ini racun minum,1
keizo ajak libur ambek,0
cinu suka,0
keizo takut main bola,1
kuromi nakal leleh deh,0
keizo spidol ajaib,1
sarang kecoa,0
rumah asep,0
kolam penuh bayi buaya,1
benar papi tembus tembok,1
auladi makan es krim nya fillix kamar,0
abew ambek foto,0
baik makan,0
cokelat nyata,1
kejut pesawat,1
kasih makan kura kura purba,1
keizo koko malu salah tingkah ketemu mario bros,0
cari uang ya,0
gara gara burger pizza bikin mami marah,0
momen dedi mulyadi amuk,1
coba makan kaktus,1
cucurella buang sepatu sponsor,0
sekolah orang nurrayni,0
nak bego teman,0
aletha mamoy kasih kejut papoy,0
nenek sang bela nur nurrayni,0
spontan seru one take lagu baik,1
robot fight yuta baik mio robot,0
chargernya benar,0
senyum sih,0
part kasih lagu asin langsung joget,0
emak kondangan nurrayni,0
singkat padat auladi misel fillix duit,0
adik kucing ,0
hitung cepat abew lawan aletha,0
zultan jatuh menang,1
reaksi suku dalam coba minum sprite,1
cepat marshmallow,0
emak pakai masker nurrayni,0
video call pacar sinyal jelek,0
pov handphone cewek handphone cowok,0
momen wind potion minecraft,1
tebak hadiah,0
nabel sekolah bawa beras,0
leika berani pegang ular tompel takut,1
nongkrong suka ledek orang,0
tahu kentut kolam ,0
teman sih anak jago basa basi,0
pria ini viral untung milik restoran,1
beda bahasa indonesia malaysia,0
alas davina karamoy pindah agama islam,1
polos anak nurrayni,0
selamat,0
azko home life improvement partner,0
orang asing nurrayni,0
suara helikopter sih,0
sahabat suami istri,0
cetak kaki ghazi patah,0
leika menang kasih kejut ketemu,0
anak ini bikin heboh jala main ikan,1
iming imingin doang nurrayni,0
wanita kulit putih afrika,0
ajar warna mobil super,1
ketemu ambil payung aira,0
sayang nur nurrayni,0
serius kena tendang kuda,1
mimpi sederhana anak tinggal desa,0
bule nurrayni,0
pisau murah lawan mahal,1
darah ikan hiu alir tubuh,1
gabung armor sword,0
emas buang orang,1
aquarium kucing,0
baby rina tolong baby mio,0
tiup balon,0
emak main game lo nurrayni,0
teman sih anak nebeng,0
sih kasihan,0
rumah lantai kaken andra st ngeri cuy,1
hana core mimpi demam,1
mio anak,0
cari mantan bantu indonesia ,0
rias mesjid salat jumat moga ampun dosa jumat jumat ikut,0
mampu istri,1
luka sahabat,0
teman akad nikah,0
pantai misterius menit dunia nyata,1
hadiah apt apt rose blackpink teriak nih,1
sih purple ib sakura school simulator,0
alas ikan cepat basi banding daging sapi ,1
warung cina jadul,0
tahu bawa jual sekolah guru,0
bikin coklat raksasa marahin,1
kasihan myka rindu kasih sayang ayah,0
bang gendut masak,0
reaksi cici rumah mas bule,0
mancing ikan mas koi rawa tari gacor banget,1
kuat perangkap tikus,0
emakkk nur nurrayni,0
eskafatornya mati,1
gara gara es serut ,0
happy birtday,0
panti asuh khusus anak anak ajaib,1
apel emas bos,1
nenek tetangga manusia,1
istri kdrt karbol turun tangan,0
monster aneh serap demam,1
kak juta cepat pulang,0
ritual nenek tua sekutu iblis,1
anak adik bayi sesuai harap,1
cashout juta orang jepang,1
part celup kertas hadiah,1
mio ketemu chucky,0
bilang mak nur main nurrayni,0
doa ya guys moga alien cepat sembuh,0
sapi bahagia,1
hidup hijab warna terang,0
risiko tampan hidup tenang,1
ganggu bocah cilik ajaib opet benar layang marah ya,1
kulkas eskrim ,0
teman mama jahat nurrayni,0
ep sanggar tari janda,0
seket,0
muat sawit truk brondolan bikin lemas,1
bocah cilik sakti tarung grandong,1
ganta sujud syukur,0
aletha abew mancing ikan,0
habib jafar beban nya berat banget vior,0
sulap telur batu nurrayni,1
bantu suster kabur annoying puzzle game,0
lewat renang,0
bikin boneka squid game raksasa,1
pria berang berang,0
nomor handphone lisa belekping nurrayni,0
nenek jual es ,0
ayam goreng utuh ala anak indekos,0
makan nikah cici,0
pergi bos mobil kimwoyong guys,0
rudolph hidung merah lagu anak,0
aracelli ajar warna main balon warna warni cute baby,0
tiktok awards suprot teman teman masuk nominasi,0
murid hukum jenius,1
cair symbiotic venom dunia nyata,1
kayak indonesia pindah nih kali tinggal timor leste,1
adu penalti tergokil massa,1
tahu lava,0
main lotre kotak hadiah,0
pilih cimol gu,0
aqua murni dingin alami,0
ajak bestie kumpul klara tania,0
istirahat news baru bongkar pagar laut air bekas,1
reaksi binatang ini tempel bad kita,1
sisamsul dukung indonesia lawan myanmar,0
ayat ruqyah ruqyah rumah usir jin setan ala aqel,1
powerful ruqyah ruqyah rumah usir jin setan sihir rumah tubuh tenang hati pikir,1
spongebob spongebob racun periksa sehat gaya chibi nickelodeon bahasa,0
butuh kelereng sih,0
kue soes murah,0
adu sabun cuci piring efektif,1
rubika selamat mechabot,0
coba minum matcha,0
heidi zidane ajar biasa sehat seri edukasi anak,0
didit mayor teddy angguk kepala prabowo ancam polisi republik indonesia tentara nasional indonesia jabat tobat korupsi,1
gagal pesta natal akibat ulah nobita doraemon bahasa indonesia,0
orang berani ,1
monyet hewan pergi belanja permen supermarket tidur hewan kiki channel,0
pisah tembok raksasa perang negara,1
alanna masuk kandang kucing,0
ajar profesi jason sekolah video edukasi anak,0
setia abdi prabowo annette liana dewi bagi jabat apa menteri,1
join live desember,0
oh god kuda seteru anjing domba,1
keluar larva lalat bot,1
kreatif daur ulang sampah plastik india,1
slime,0
mang enun kasih baju badut,0
jatah ubah,0
kompilasi upin ipin hantu kayang pocong squid game masha boneka hantu labubu,1
kolam bahaya,1
part mayat hilang kampung mak beti,1
orang sempurna,1
azko home life improvement partner,0
rekrut ini tantang prajurit tembak jitu,1
gempar jawa timur batang pohon ular tapa,1
ilmu kebal,1
pilih aqua,0
ep sanggar tari janda,0
pov topeng topeng jahat,0
siap cici pulang kampung mas bule,0
anak ini malaikat bantu tim baseball menang,1
lelucon,0
serang belut listrik raksasa,1
rumah rumah ,0
gue tunjuk rumah versi fawaz beda ya,0
full nikah sakit suara hati istri,0
pandu senam anak indonesia hebat,0
emak lawan deh cristiano ronaldo nurrayni,0
sisamsul tonton indonesia lawan laos,0
mio tinggal sakuraschoolsimulator,0
air mineral aqua,0
unboxing mystery box squid game indonesia ya isi,1
rasa korban tel ular piton,1
tinggal tipis sempit orang tinggal rumah ini,1
teman tongkrong orang sok bos,0
teriak gue sesak,0
leika challenge makan sushi habis,0
pedang kardus,0
next makan ya,0
latih koboy profesional,0
aku semua ,0
uji vape manual pabrik,0
jurus umpet aletha abew,0
aletha abew berani kolam meter,1
virus liar jalan,1
bersih atap tumpu salju,0
sanggup rawat anak rawat,0
mesya juara tari resya mesya,0
hati hati gigi copot tel,1
bahaya banget keizo pinggir kolam tinggi,1
tradisi unik suku toraja,1
tradisi nikah unik amerika,1
tentara kuat,1
part orang kayak orang miskin,0
papi marah lupa keizo,0
aletha kuat angkat barbel,0
leika kasih kado aluna amanda leika suport sahabat,0
teryata paham bahasa isyarat pakai suara,0
ganteng kelas siapa,0
museum coklat negara turki,1
burung hantu kucing teman,0
bakat mebel,0
bikin coklat dubai gasal tau enak,0
ha gara gara pakai baju dino benar ketemu dino,1
pria sejati,0
ishowspeed kartu makan gratis kentaki fried chicken umur hidup,1
coklat dubai versi lokal pakai bihun,0
rahasia murid pintar kelas bantu teman sarjana kecil,0
nyanyi lagu bahasa inggris nurrayni,0
aletha sakit gigi lemas,0
butuh lakban sih,0
acara pisah sekolah,0
emak uang jajan nurrayni,0
suku buru tanzania hadzabe,1
senjata makan tuan niat ngeprank kena prank,1
ulang,0
makan slay,0
replika,1
leika bikin coklat dubai viral hasil ya,1
modal ribu labubu nurrayni,0
anak ini ambil uang sajen,1
salah kencang lagi malu tuh,0
kucing gembul nakal suka makan majikan,0
coba bikin es air mineral gelas lagu,0
kanzer pmc jangan buru buru feat kakak andii,0
malas,0
disc jockey motor belah yanti bapuk remix disc jockey suhad official,0
gue sandro manjat pohon kelapa,0
shinta arsinta cinta bawa derita mahesa musik,0
gagal hasil nih bikin slime clay warna hitam,0
noura gambar adik fia,0
puisi malam fiq official musik video,0
farel prayoga feat vania latifa let si official musik video fan page musik,0
milik irwan krisdiyanto ft diandra ayu simpatik musik,0
makan makan nikah barbie ica,0
xl solusi internet keluarga,0
bodrex flu batuk,0
sabar adik,0
tingklik bal suasana tenang tabuh pengecet nding,0
cut rani kecewa official musik video,0
kura kura ini jatuh langit,1
play button youtube,0
tahan air mata qeisya coba hibur,0
lagu labubu ketemu pisang lagu anak indonesia,0
lagu labubu main bola,0
henti dokter hidup mimpi orang,0
ceo pura pura buta meni kilat gadis bodoh gadis jenius investasi,1
zombie apocalypse tindak high definition film sub bahasa indonesia,0
indomie pakein telur habis porsi harga ribu rahasia bongkar resep,1
rahasia umpan maut ikat mata kail bikin ikan kabur,1
rahasia umur cina pisang bakar kulit awet muda,1
hilang lemak kuah pakai es batu,0
milo setrika ledak,1
tugas bersih bioskop ini temu harta karun tumpu sampah,1
main red light green light pakai bahasa indonesia squid game,0
anak sayang dedy mulyadi,0
kerja unik kapal pesiar,1
pria ini anak ajar,1
tutorial es krim putar,0
ini alsan ikan laut,1
jenius  ubah air kotor air bersih minum,1
hasil seni lukis wajah takjub ,1
mamang vikry ter eliminasi,0
benda aneh makan,1
mantap  indonesia bangga ini ,1
penguin sopan,0
kejut celana beku badai salju,1
butuh tahun rajut selimut ini,1
nasi goreng,0
kasih minum susu anak domba tinggal ibu,0
tinggal rumah mini unik dunia,1
trik cerdik orang tua anak minum obat,1
anak mancing,0
tingkah kucing lucu funny cats,0
reza arap sawer karyawannya wkwk arap sewa rumah,0
raya guru malapetaka,1
kupas tebu,0
gingerbread man disneyland,0
nasihat,0
jaring sero ikan tangkap ikan ikan,0
ini cat permanen,0
tips makan pop mie sendok,1
juta uang,0
introvert ajak jalan bilek,0
arsyila hasil,0
komando nkri,0
periksa kuku mak lampir,1
tahu tukar handphone pacar,0
tari balet kena sepatu impi,0
keren mesya malu tari sekaribing salah tari favorit bal,0
papoy copotin gigi aletha pakai tali,0
main bebek bareng alanna,0
aletha papoy gorila,0
keizo ambek sepeda jalan,0
ya allah surat al mulk tani alam kubur,1
naga marah bakar studio,1
resep tulang ikan china ,0
usia paut ungkap alas fadel islami nikah muzdalifah,1
pacar ajak sehat bareng,0
pilih indomie manaa,0
bis ayo buru telolet,0
speed main sepak bola,0
obat bekam,0
iklan amplop lebaran labubu,0
kampak bohong,0
prosotan bengkalai,1
kuntilanak ganas ini travel,1
bikin bubuk anti air tau,1
fais lihat ketunggeng bimbing orang tua,0
kucing baju merah,0
segar banget mandi air hujan ,0
baju nabel bolong,0
main pantai,0
labubu pilih kasih,0
asyik jalan jalan,0
bocah ini bawa kepala pocong,1
sirsak madu jumbo,0
makan permen dot ,0
emak marah,0
topi laut,0
bocah cilik ini mungut kepala babi tong sampah,1
potong cabang bahan bonsai asem jawa,0
tahu tukar foto pacar,0
rank menteri asean indonesia,1
tabah bilal bin rabah,0
jajan pasar malam animasi doracimin,0
kondisi aspal lintas drag race,1
nyanyi lagu andai kaya,0
nyelipin cokelat belanja emak nurrayni,0
kisah macan tutul ini kejut orang,1
anak didik anak usia imut imut,0
toilet,1
daun emas,1
cerita ekor raja,0
sih nur sayang nenek,0
main pulang pulang nurrayni,0
sedih banget lihat bang shaquille kaca,0
memey rela login hati bubub,0
akbar hasri tolong cewek,0
beli kue ulang nurrayni,0
ninja konoha ,0
nikah sultan miliar,1
rumah bunda grebek polisi gara gara momoy pakai narkoboy,1
bebek mandi lagu mandi lagu lucu liachacha bahasa indonesia,0
ambek beli boneka nurrayni,0
main dokter dokter nurrayni,0
minum obat nurrayni,0
aduh tampak,1
pororo warna warni keluarga jari bahasa indonesia,0
emak ikut nurrayni,0
pesawat nurrayni,0
buka bendera misterius,0
ih seram banget ini bus nya orang,1
kasih umpan bocah cilik macan,0
sombong,0
pilih marshmallow,0
habis menang tertawa ngakak,0
es krim mangga viral ketemu,1
laku ini ban motorcross mu,1
ini kapal belah es,1
tertawa banget cape laden haji bolot limbad famili kilau konser,1
tantang taman air lawan,1
keren truk oleng angkut sapi kucing bebek angsa kelinci ikan kuda gajah buaya,0
spongebob momen momen aneh rumah tn krabs nickelodeon bahasa,1
spongebob momen momen dramatis pearl nickelodeon bahasa,0
beli warna jam tantang vlad,1
rekam cctv tampak hantu kayang bahaya kampung,1
agus sakit nih guys,1
gara gara enak banget acara kumpul buat kue ini ludes kejap,1
ini mudah aduk aduk puding enak lezat,1
lari lapis negara,1
drone hasil tangkap lampor keranda terbang nyata warga desa panik,1
manuk akal mie ayam thor ribu porsi brutal surabaya,1
bongkar hercules rosario deh marshall hercules preman tanah abang,1
selamat tinggal keranda terbang keri kabur bakar amuk,1
kapal pesiar lawan,1
grebek rumah megah verel bramasta lantai habis ya,1
balas dendam hacker jenius retas uras milyar akibat istri tipu usaha,1
viral wanita ini anut ilmu raja kuyang sakti edar luas media sosial,1
legenda gunung meru kisah ranu pan,1
gakmain fan fiction habis top beli skin free fire marah istri,1
sederhana bayang tau kue lembut ini telur,1
salah usik tenang sang ternak lebah,1
rekam drone bocah cilik mantap mantap jalan tol,1
seram toilet ini hantu dongeng anak bahasa indonesia cerita rakyat dongeng nusantara,1
atun pakai cheat tembus pandang challenge tebak gambar feat minecraft,1
culun pria ini hukum jahat alur cerita film,1
tanda bahaya hamil,1
main bocah cilik,1
nenek rekam pnampakan misterius ikut kevilla michael tubehd,1
gue beli eilik warna merah muda harga juta lucu banget,1
yuka chan ganggu hantu tidur rekam cctv day life,1
saputra kecelkaan sedih lihat kondisi saputra kaki ptah michael tubehd,1
viral suara merdu syamsuri firdaus gema televisi iran bikin studio televisi takbir,1
tangkap ikan lele jumbo lubang ikan gabus belut ikan hias ikan koi kura kura,1
tipe bocah cilik main petak umpet,1
wanita ini menang,1
baca al alquran antar tidur surat al mulk ayat kursi ar rahman tenang hati pikir cemas,1
tantang plat resep dapur tren challenge,0
anjing panting siluman serigala teror desa kartun hantu sulawesi,1
full episode jam auto sesal mampu study grup,1
ratus jet tempur rafale lombok indonesia kirim kapal induk charles deh gaulle,1
manusia tikus,1
hidup batang kara hewan buas,1
prank menang orang tua adam langsung putus,1
tipe bocah cilik kerja,1
makan steak habis juta tabung tahun habis makan pesan sih,1
rumah sesuai tentu perintah,1
mipan zuzuzu lihat tampak tung tung tung sahur minecraft survival seram banget,1
tragedi trisakti keri mei full documentary,1
orang jujur nasib kayak karbol,1
coklat dubai isi jeruk kali,1
tuyul minum air putih,1
vidi setn tanduk rumah om sara merinding hiiii sah zakaria,1
juta mio panik cctv rekam anomali tung tung tung sahur rumah sakura school simulator,1
aksi gila jumbo teman teman lawan ancam jumbo official trailer,1
trik cerdik jebak maling,1
